hashtag,date
standardsthatwork,2018-05-30
privatecompany,2018-05-29
notforprofit,2018-05-29
revrec,2018-05-29
leases,2018-05-29
creditloss,2018-05-29
hedging,2018-05-29
taxcutsandjobsact,2018-05-29
standardsthatwork,2018-05-25
standardsthatwork,2018-05-25
creditloss,2018-05-25
standardsthatwork,2018-05-23
standardsthatwork,2018-05-23
privatecompany,2018-05-22
notforprofit,2018-05-22
revrec,2018-05-22
leases,2018-05-22
creditloss,2018-05-22
hedging,2018-05-22
taxcutsandjobsact,2018-05-22
creditloss,2018-05-19
creditloss,2018-05-17
taxcutsandjobsact,2018-05-16
revrec,2018-05-16
taxonomy,2018-05-14
taxcutsandjobsact,2018-05-10
revrec,2018-05-10
taxonomy,2018-05-10
standardsthatwork,2018-05-09
taxcutsandjobsact,2018-05-09
revrec,2018-05-09
standardsthatwork,2018-05-04
taxonomy,2018-05-04
financialreporting,2018-05-03
standardsthatwork,2018-05-03
financialreporting,2018-05-02
notforprofit,2018-05-02
revrec,2018-05-02
notforprofit,2018-05-01
revrec,2018-05-01
privatecompany,2018-04-19
cloudcomputing,2018-04-19
cloudcomputing,2018-04-18
saas,2018-04-18
financialreporting,2018-04-17
cloudcomputing,2018-04-17
cloudcomputing,2018-04-12
saas,2018-04-12
privatecompany,2018-04-12
sec,2018-04-10
xbrl,2018-04-10
sec,2018-04-04
xbrl,2018-04-04
xbrl,2018-04-02
cpe,2018-04-02
taxonomy,2018-04-02
financialreporting,2018-04-02
sec,2018-04-02
xbrl,2018-03-30
cpe,2018-03-30
sec,2018-03-29
xbrl,2018-03-29
hedging,2018-03-28
leases,2018-03-28
taxcutsandjobsact,2018-03-27
xbrl,2018-03-27
cpe,2018-03-27
revrec,2018-03-27
xbrl,2018-03-27
cpe,2018-03-27
taxonomy,2018-03-27
financialreporting,2018-03-27
sec,2018-03-27
xbrl,2018-03-26
cpe,2018-03-26
hedging,2018-03-26
leases,2018-03-26
xbrl,2018-03-26
cpe,2018-03-26
taxonomy,2018-03-26
financialreporting,2018-03-26
sec,2018-03-26
sec,2018-03-23
xbrl,2018-03-23
xbrl,2018-03-23
cpe,2018-03-23
taxonomy,2018-03-23
financialreporting,2018-03-23
sec,2018-03-23
xbrl,2018-03-22
cpe,2018-03-22
taxonomy,2018-03-22
financialreporting,2018-03-22
sec,2018-03-22
sec,2018-03-20
sec,2018-03-19
xbrl,2018-03-19
cloudcomputing,2018-03-17
saas,2018-03-17
hedging,2018-03-14
revrec,2018-03-14
revrec,2018-03-13
cloudcomputing,2018-03-07
saas,2018-03-07
cloudcomputing,2018-03-02
revrec,2018-02-28
creditloss,2018-02-28
hedging,2018-02-28
hedging,2018-02-27
leases,2018-02-27
revrec,2018-02-24
leases,2018-02-24
taxcutsandjobsact,2018-02-23
privatecompany,2018-02-22
hedging,2018-02-22
hedging,2018-02-21
taxcutsandjobsact,2018-02-19
privatecompany,2018-02-18
investors,2018-02-17
taxcutsandjobsact,2018-02-15
taxcutsandjobsact,2018-02-14
hedging,2018-02-14
revrec,2018-02-14
hedging,2018-02-13
revrec,2018-02-13
hedging,2018-02-12
revrec,2018-02-12
hedging,2018-02-12
revrec,2018-02-12
taxcutsandjobsact,2018-02-10
taxcutsandjobsact,2018-02-07
cloudcomputing,2018-02-07
leases,2018-02-06
taxchanges,2018-02-05
cloudcomputing,2018-02-05
taxcutsandjobsact,2018-02-04
taxcutsandjobsact,2018-02-01
taxcutsandjobsact,2018-02-01
taxchanges,2018-02-01
taxcutsandjobsact,2018-01-31
taxchanges,2018-01-31
leases,2018-01-30
taxcutsandjobsact,2018-01-30
taxcutsandjobsact,2018-01-29
leases,2018-01-28
research,2018-01-26
standardsetting,2018-01-26
xbrl,2018-01-26
taxonomy,2018-01-26
taxcutsandjobsact,2018-01-26
leases,2018-01-26
cloudcomputing,2018-01-25
saas,2018-01-25
leases,2018-01-25
taxcutsandjobsact,2018-01-25
taxchanges,2018-01-25
taxcutsandjobsact,2018-01-22
taxchanges,2018-01-22
revrec,2018-01-22
leases,2018-01-21
taxcutsandjobsact,2018-01-19
taxchanges,2018-01-19
taxcutsandjobsact,2018-01-18
taxchanges,2018-01-18
cloudcomputing,2018-01-18
saas,2018-01-18
taxcutsandjobsact,2018-01-18
leases,2018-01-17
financialinstruments,2018-01-16
cloudcomputing,2018-01-16
saas,2018-01-16
taxcutsandjobsact,2018-01-16
financialinstruments,2018-01-15
cloudcomputing,2018-01-15
saas,2018-01-15
taxcutsandjobsact,2018-01-15
taxcutsandjobsact,2018-01-15
financialinstruments,2018-01-14
cloudcomputing,2018-01-14
saas,2018-01-14
taxcutsandjobsact,2018-01-14
taxcutsandjobsact,2018-01-13
financialinstruments,2018-01-12
cloudcomputing,2018-01-12
saas,2018-01-12
taxcutsandjobsact,2018-01-12
taxcutsandjobsact,2018-01-12
financialinstruments,2018-01-11
cloudcomputing,2018-01-11
saas,2018-01-11
taxcutsandjobsact,2018-01-11
taxchanges,2018-01-11
taxcutsandjobsact,2018-01-11
taxchanges,2018-01-10
taxchanges,2018-01-09
leases,2018-01-08
taxchanges,2018-01-07
taxchanges,2018-01-06
leases,2018-01-05
taxchanges,2018-01-05
taxchanges,2018-01-04
notforprofit,2017-12-31
notforprofit,2017-12-23
hedging,2017-12-20
investors,2017-12-20
hedging,2017-12-20
hedging,2017-12-19
hedging,2017-12-19
notforprofit,2017-12-18
notforprofit,2017-12-18
notforprofit,2017-12-17
hedging,2017-12-16
notforprofit,2017-12-15
notforprofit,2017-12-15
hedging,2017-12-14
notforprofit,2017-12-13
cecl,2017-12-13
revrec,2017-12-13
notforprofit,2017-12-13
revrec,2017-12-13
revrec,2017-12-12
notforprofit,2017-12-12
notforprofit,2017-12-12
notforprofit,2017-12-12
cloudcomputing,2017-12-08
revrec,2017-12-07
cloudcomputing,2017-12-07
leases,2017-12-06
aicpasec,2017-12-06
revrec,2017-12-05
aicpasec,2017-12-05
aicpasec,2017-12-05
aicpasec,2017-12-05
investors,2017-12-05
aicpasec,2017-12-05
aicpasec,2017-12-04
aicpasec,2017-12-04
cloudcomputing,2017-12-03
leases,2017-12-03
revrec,2017-12-02
cloudcomputing,2017-12-01
hedging,2017-12-01
revrec,2017-12-01
leases,2017-12-01
cloudcomputing,2017-12-01
leases,2017-11-30
leases,2017-11-29
revrec,2017-11-29
hedging,2017-11-22
leases,2017-11-21
revrec,2017-11-21
investors,2017-11-16
hedging,2017-11-13
investors,2017-11-10
revrec,2017-11-10
cloudcomputing,2017-11-09
saas,2017-11-09
investors,2017-11-07
saas,2017-11-06
saas,2017-11-06
revrec,2017-10-29
revrec,2017-10-28
hedging,2017-10-28
taxonomy,2017-10-28
xbrl,2017-10-28
xbrl,2017-10-27
revrec,2017-10-25
revrec,2017-10-24
hedging,2017-10-24
revrec,2017-10-23
revrec,2017-10-23
leases,2017-10-23
cecl,2017-10-23
hedging,2017-10-23
sec,2017-10-20
xbrl,2017-10-20
taxonomy,2017-10-20
hedging,2017-10-19
investors,2017-10-17
notforprofit,2017-10-14
revrec,2017-10-14
leases,2017-10-14
revrec,2017-10-13
research,2017-10-11
standardsetting,2017-10-11
revrec,2017-10-10
leases,2017-10-10
cecl,2017-10-10
hedging,2017-10-10
revrec,2017-10-08
leases,2017-10-08
creditloss,2017-10-08
notforprofit,2017-10-08
standardsetting,2017-10-08
revrec,2017-10-06
revrec,2017-10-05
cecl,2017-10-05
revrec,2017-10-04
creditloss,2017-10-04
insurance,2017-10-04
hedging,2017-10-03
sec,2017-10-03
xbrl,2017-10-03
taxonomy,2017-10-03
cpe,2017-10-03
sec,2017-10-03
xbrl,2017-10-03
taxonomy,2017-10-03
cpe,2017-10-03
xbrl,2017-10-02
taxonomy,2017-10-02
revrec,2017-10-02
hedging,2017-10-02
taxonomy,2017-10-02
xbrl,2017-10-02
xbrl,2017-10-02
taxonomy,2017-10-02
hedging,2017-09-29
leases,2017-09-27
xbrl,2017-09-26
taxonomy,2017-09-26
leases,2017-09-26
hedging,2017-09-25
leases,2017-09-25
revrec,2017-09-25
hedging,2017-09-25
hedging,2017-09-24
leases,2017-09-23
revrec,2017-09-23
xbrl,2017-09-23
taxonomy,2017-09-23
hedging,2017-09-20
hedging,2017-09-19
hedging,2017-09-18
sec,2017-09-15
cpe,2017-09-08
hedging,2017-09-07
notforprofit,2017-09-07
revrec,2017-09-07
notforprofit,2017-09-05
privatecompany,2017-09-01
pcc,2017-09-01
hedging,2017-08-31
hedging,2017-08-29
hedging,2017-08-28
hedging,2017-08-28
investors,2017-08-27
investors,2017-08-26
notforprofit,2017-08-25
pcc,2017-08-23
notforprofit,2017-08-23
revrec,2017-08-23
pcc,2017-08-22
cpe,2017-08-22
revrec,2017-08-21
revrec,2017-08-18
leases,2017-08-18
creditloss,2017-08-18
notforprofit,2017-08-18
cpe,2017-08-17
investors,2017-08-15
revrec,2017-08-15
revrec,2017-08-14
revrec,2017-08-14
leases,2017-08-14
creditloss,2017-08-14
notforprofit,2017-08-14
standardsetting,2017-08-13
research,2017-08-12
standardsetting,2017-08-12
hedging,2017-08-08
notforprofit,2017-08-07
investors,2017-08-06
revrec,2017-08-04
leases,2017-08-04
creditloss,2017-08-04
notforprofit,2017-08-04
investors,2017-08-04
notforprofit,2017-08-03
revrec,2017-08-03
revrec,2017-08-03
investors,2017-08-02
research,2017-08-02
standardsetting,2017-08-02
insurance,2017-08-02
leases,2017-08-02
insurance,2017-08-01
leases,2017-08-01
financialreporting,2017-07-31
research,2017-07-31
revrec,2017-07-31
hedging,2017-07-31
privatecompany,2017-07-29
insurance,2017-07-28
leases,2017-07-28
investors,2017-07-28
leases,2017-07-28
debt,2017-07-27
investors,2017-07-26
financialreporting,2017-07-23
research,2017-07-23
research,2017-07-21
standardsetting,2017-07-21
privatecompany,2017-07-20
investors,2017-07-20
cloudcomputing,2017-07-20
saas,2017-07-20
privatecompany,2017-07-19
cloudcomputing,2017-07-19
saas,2017-07-19
debt,2017-07-18
hedging,2017-07-18
taxonomy,2017-07-18
xbrl,2017-07-18
xbrl,2017-07-17
leases,2017-07-17
taxonomy,2017-07-16
cloudcomputing,2017-07-16
creditloss,2017-07-14
cecl,2017-07-14
debt,2017-07-14
taxonomy,2017-07-13
cloudcomputing,2017-07-13
privatecompany,2017-07-13
research,2017-07-13
standardsetting,2017-07-13
taxonomy,2017-07-13
xbrl,2017-07-13
standardsetting,2017-07-12
financialreporting,2017-07-11
research,2017-07-11
privatecompany,2017-07-11
investors,2017-07-10
creditloss,2017-07-07
hedging,2017-06-30
investors,2017-06-30
privatecompany,2017-06-30
leases,2017-06-29
debt,2017-06-28
debt,2017-06-27
revrec,2017-06-27
taxonomy,2017-06-26
xbrl,2017-06-26
privatecompany,2017-06-26
notforprofit,2017-06-26
cpe,2017-06-26
debt,2017-06-24
revrec,2017-06-24
privatecompany,2017-06-23
notforprofit,2017-06-23
cpe,2017-06-23
debt,2017-06-22
privatecompany,2017-06-22
hedging,2017-06-21
privatecompany,2017-06-20
notforprofit,2017-06-20
cpe,2017-06-20
debt,2017-06-20
revrec,2017-06-20
creditloss,2017-06-17
cecl,2017-06-17
privatecompany,2017-06-16
notforprofit,2017-06-16
cpe,2017-06-16
notforprofit,2017-06-16
revrec,2017-06-15
saas,2017-06-15
taxonomy,2017-06-14
xbrl,2017-06-14
leases,2017-06-13
investors,2017-06-13
saas,2017-06-13
revrec,2017-06-13
privatecompany,2017-06-12
notforprofit,2017-06-12
cpe,2017-06-12
leases,2017-06-12
creditloss,2017-06-12
cecl,2017-06-12
cecl,2017-06-11
saas,2017-06-10
revrec,2017-06-10
leases,2017-06-09
creditloss,2017-06-09
cecl,2017-06-09
hedging,2017-06-08
hedging,2017-06-07
financialinstruments,2017-06-07
revrec,2017-06-07
financialinstruments,2017-06-06
revrec,2017-06-06
leases,2017-06-05
financialinstruments,2017-06-02
revrec,2017-06-02
leases,2017-06-01
creditloss,2017-06-01
saas,2017-05-30
revrec,2017-05-30
investors,2017-05-24
saas,2017-05-24
revrec,2017-05-24
insurance,2017-04-12
sec,2017-03-28
hedging,2017-03-27
sec,2017-03-24
sec,2017-03-21
revrec,2017-03-20
insurance,2017-03-20
hedging,2017-03-14
sec,2017-03-10
hedging,2017-03-08
hedging,2017-02-22
revrec,2017-02-22
notforprofit,2017-02-22
revrec,2017-02-21
notforprofit,2017-02-21
hedging,2017-02-13
leases,2017-02-06
cpe,2016-12-16
privatecompany,2016-12-12
notforprofit,2016-12-12
cpe,2016-12-12
cpe,2016-12-09
aicpasec,2016-12-06
aicpasec,2016-12-06
aicpasec,2016-12-06
aicpasec,2016-12-06
aicpasec,2016-12-06
sec,2016-11-28
insurance,2016-11-09
xbrl,2016-09-27
notforprofit,2016-09-26
xbrl,2016-09-19
notforprofit,2016-09-13
notforprofit,2016-09-12
notforprofit,2016-09-05
debt,2016-08-31
debt,2016-08-30
notforprofit,2016-08-26
cpe,2016-08-26
notforprofit,2016-08-26
notforprofit,2016-08-25
notforprofit,2016-08-24
financialreporting,2016-08-24
notforprofit,2016-08-22
notforprofit,2016-08-18
financialreporting,2016-08-18
privatecompany,2016-07-22
notforprofit,2016-07-22
creditloss,2016-07-21
cecl,2016-07-21
cpe,2016-07-21
creditloss,2016-07-21
cpe,2016-07-21
pcc,2016-07-19
privatecompany,2016-07-19
privatecompany,2016-07-19
creditloss,2016-07-13
hedging,2016-07-07
creditloss,2016-07-07
creditloss,2016-07-06
investors,2016-07-05
creditloss,2016-06-29
creditloss,2016-06-28
creditloss,2016-06-24
cecl,2016-06-24
creditloss,2016-06-22
creditloss,2016-06-20
creditloss,2016-06-16
revrec,2016-06-15
notforprofit,2016-05-31
financialreporting,2016-05-25
revrec,2016-05-25
investors,2016-05-20
revrec,2016-05-20
creditloss,2016-05-17
revrec,2016-05-10
taxonomy,2016-05-10
pcc,2016-05-09
creditloss,2016-05-09
cecl,2016-05-09
leases,2016-05-06
revrec,2016-05-05
taxonomy,2016-04-27
investors,2016-04-27
cecl,2016-04-27
taxonomy,2016-04-26
cecl,2016-04-21
leases,2016-04-19
leases,2016-04-14
cecl,2016-04-01
leases,2016-03-31
leases,2016-03-28
cpe,2016-03-28
cecl,2016-03-22
leases,2016-02-29
leases,2016-02-25
aicpasec,2015-12-10
pcc,2015-11-18
leases,2015-11-11
taxonomy,2015-09-01
taxonomy,2015-08-21
xbrl,2015-08-21
pcc,2015-08-18
cpe,2015-06-12
pcc,2015-04-09
privatecompany,2015-04-09
cpe,2015-04-01
xbrl,2015-04-01
pcc,2015-01-22
cpe,2015-01-15
pcc,2014-12-11
sec,2014-08-26
pcc,2013-12-23
sec,2013-12-10
pcc,2013-10-01
xbrl,2013-09-24
financialreporting,2013-08-23
taxonomy,2013-08-23
pcc,2013-08-22
privatecompany,2013-08-22
cpe,2013-07-25
insurance,2013-07-25
pcc,2013-07-16
privatecompany,2013-07-16
insurance,2013-07-10
sec,2013-04-09
pcc,2013-02-13
xbrl,2013-02-12
